,id,feature1,feature2,time,cnt
0,0,1,0,0.031971449896197816,0
1,1,1,0,0.2972484954172281,1
2,2,1,1,0.4181574558561253,1
3,3,0,0,0.4979612329961549,0
4,4,1,0,0.5734447750765709,1
5,5,0,0,0.8886862819118402,0
6,6,1,1,0.33102863948739597,0
7,7,0,1,0.7246346924509628,0
8,8,0,0,0.5770575413879034,1
9,9,0,1,0.028484034645500426,0
