id,feature1,feature2,time
0,1,0,0.03197144989619782
1,1,0,0.2972484954172281
2,1,1,0.4181574558561253
3,0,0,0.4979612329961549
4,1,0,0.5734447750765709
5,0,0,0.8886862819118402
6,1,1,0.331028639487396
7,0,1,0.7246346924509628
8,0,0,0.5770575413879034
9,0,1,0.028484034645500422
